scientificName,commonName,taxon,leadOffice,status
Amblyopsis spelaea,Northern cavefish,Fish,Frankfort,Petitioned
Erimystax harryi,Ozark chub,Fish,Arkansas,Petitioned
Cyprinella callitaenia,Bluestripe shiner,Fish,Panama City,Petitioned
Stylurus potulentus,Yellow-sided clubtail,Dragonfly,Panama City,Petitioned
Somatochlora ozarkensis,Ozark emerald,Dragonfly,Frankfort,Petitioned
Etheostoma bellator,Warrior darter,Fish,Daphne,Petitioned
Etheostoma brevirostrum,Holiday darter,Fish,Daphne,Petitioned
Libellula jesseana,Purple skimmer,Dragonfly,Jacksonville,Petitioned
Etheostoma cinereum,Ashy darter,Fish,Cookeville,Petitioned
Elassoma boehlkei,Carolina Pygmy sunfish,Fish,Raleigh,Petitioned
Cyprinella xaenura,Altamaha shiner,Fish,Athens,Petitioned
Procambarus regalis,Regal Burrowing crayfish,Crayfish,Arkansas,Petitioned
Procambarus fitzpatricki,Spinytail crayfish,Crayfish,Jackson,Petitioned
Procambarus franzi,Orange Lake Cave crayfish,Crayfish,Jacksonville,Petitioned
Procambarus horsti,Big Blue Springs Cave crayfish,Crayfish,Panama City,Petitioned
Procambarus leitheuseri,Coastal Lowland Cave crayfish,Crayfish,Jacksonville,Petitioned
Procambarus lucifugus alachua,Alachua Light Fleeing Cave crayfish,Crayfish,Jacksonville,Petitioned
Procambarus lucifugus lucifugus,Withlacoochee Light-fleeing Cave crayfish,Crayfish,Jacksonville,Petitioned
Procambarus lylei,Shutispear crayfish,Crayfish,Jackson,Petitioned
Procambarus milleri,Miami Cave crayfish,Crayfish,South Florida,Petitioned
Procambarus morrisi,Putnam County Cave crayfish,Crayfish,Jacksonville,Petitioned
Procambarus orcinus,Woodville Karst Cave crayfish,Crayfish,Jacksonville,Petitioned
Procambarus pallidus,Pallid Cave crayfish,Crayfish,Jacksonville,Petitioned
Ophiogomphus australis,Southern snaketail,Dragonfly,Panama City,Petitioned
Procambarus pogum,Bearded Red crayfish,Crayfish,Jackson,Petitioned
Somatochlora margarita,Big Thicket Texas Emerald dragonfly,Dragonfly,Region 2,Petitioned
Procambarus reimeri,Irons Fork Burrowing crayfish,Crayfish,Arkansas,Petitioned
Troglocambarus maclanei,Spider Cave crayfish,Crayfish,Jacksonville,Petitioned
Cordulegaster sayi,Say's spiketail,Dragonfly,Panama City,Petitioned
Gomphus consanguis,Cherokee clubtail,Dragonfly,Cookeville,Petitioned
Gomphus sandrius,Tennessee clubtail,Dragonfly,Cookeville,Petitioned
Gomphus septima,Septima's clubtail,Dragonfly,Region 5,Petitioned
Gomphus westfalli,Westfall's clubtail,Dragonfly,Panama City,Petitioned
Notropis perpallidus,Colorless shiner,Fish,Arkansas,Petitioned
Macromia margarita,Margarita River skimmer,Dragonfly,Frankfort,Petitioned
Ophiogomphus edmundo,Edmund's snaketail,Dragonfly,Cookeville,Petitioned
Ophiogomphus incurvatus,Appalachian snaketail,Dragonfly,Frankfort,Petitioned
Somatochlora calverti,Calvert's emerald,Dragonfly,Panama City,Petitioned
Procambarus pictus,Black Creek crayfish,Crayfish,Jacksonville,Petitioned
Oryzomys palustris planirostris,Pine Island rice rat,Mammal,South Florida,Petitioned
Notropis ariommus,Popeye shiner,Fish,Frankfort,Petitioned
Percina nasuta,Longnose darter,Fish,Arkansas,Petitioned
Percina sipsi,Bankhead darter,Fish,Daphne,Petitioned
Percina crypta,Halloween darter,Fish,Panama City,Petitioned
Percina williamsi,Sickle darter,Fish,Cookeville,Petitioned
Pteronotropis euryzonus,Broadstripe shiner,Fish,Panama City,Petitioned
Pteronotropis hubbsi,Bluehead shiner,Fish,Arkansas,Petitioned
Thoburnia atripinnis,Blackfin sucker,Fish,Frankfort,Petitioned
Remenus kirchneri,Blueridge springfly,Fly,Region 5,Petitioned
Caecidotea cannula,Cannulate Cave isopod,Isopod,Region 5,Petitioned
Percina kusha,Bridled darter,Fish,Daphne,Petitioned
Blarina brevicauda shermani,Sherman's Short-Tailed shrew,Mammal,South Florida,Petitioned
Percina cymatotaenia,Bluestripe darter,Fish,Region 3,Petitioned
Oryzomys palustris sanibeli,Sanibel Island rice rat,Mammal,South Florida,Petitioned
Sigmodon hispidus insulicola,Insular Hispid cotton rat,Mammal,South Florida,Petitioned
Automeris louisiana,Louisiana Eyed silkmoth,Moth,Lafayette,Petitioned
Alasmidonta arcula,Altamaha arc-mussel,Mussel,Athens,Petitioned
Alasmidonta triangulata,Southern elktoe,Mussel,Panama City,Petitioned
Alasmidonta varicosa,Brook floater,Mussel,Region 5,Petitioned
Anodonta heardi,Apalachicola floater,Mussel,Panama City,Petitioned
Anodontoides radiatus,Rayed creekshell,Mussel,Panama City,Petitioned
Cyprogenia aberti,Western fanshell,Mussel,Arkansas,Petitioned
Elliptio ahenea,Southern lance,Mussel,Jacksonville,Petitioned
Lirceus culveri,Rye Cove Cave isopod,Isopod,Region 5,Petitioned
Notropis ozarcanus,Ozark shiner,Fish,Arkansas,Petitioned
Etheostoma microlepidum,Smallscale darter,Fish,Cookeville,Petitioned
Etheostoma osburni,Finescale Saddled darter,Fish,Region 5,Petitioned
Etheostoma pallididorsum,Paleback darter,Fish,Arkansas,Petitioned
Etheostoma pseudovulatum,Egg-mimic darter,Fish,Cookeville,Petitioned
Etheostoma striatulum,Striated darter,Fish,Cookeville,Petitioned
Etheostoma tecumsehi,Shawnee darter,Fish,Frankfort,Petitioned
Etheostoma tippecanoe,Tippecanoe darter,Fish,Region 5,Petitioned
Etheostoma trisella,Trispot darter,Fish,Daphne,Petitioned
Etheostoma tuscumbia,Tuscumbia darter,Fish,Daphne,Petitioned
Fundulus julisia,Barren's topminnow,Fish,Cookeville,Petitioned
Percina macrocephala,Longhead darter,Fish,Frankfort,Petitioned
Procambarus erythrops,Santa Fe Cave crayfish,Crayfish,Jacksonville,Petitioned
Etheostoma forbesi,Barrens darter,Fish,Cookeville,Petitioned
Notropis suttkusi,Rocky shiner,Fish,Arkansas,Petitioned
Noturus fasciatus,Saddled madtom,Fish,Cookeville,Petitioned
Noturus furiosus,Carolina madtom,Fish,Raleigh,Petitioned
Noturus gilberti,Orangefin madtom,Fish,Region 5,Petitioned
Noturus gladiator,Piebald madtom,Fish,Cookeville,Petitioned
Noturus lachneri,Ouachita madtom,Fish,Arkansas,Petitioned
Noturus munitus,Frecklebelly madtom,Fish,Daphne,Petitioned
Noturus taylori,Caddo madtom,Fish,Arkansas,Petitioned
Percina bimaculata,Chesapeake logperch,Fish,Region 5,Petitioned
Percina brevicauda,Coal darter,Fish,Daphne,Petitioned
Moxostoma robustum,Robust redhorse,Fish,Athens,Petitioned
Euphyes pilatka klotsi,Sawgrass skipper,Butterfly,South Florida,Petitioned
Pseudanophthalmus pontis,Natural Bridge Cave beetle,Beetle,Region 5,Petitioned
Pseudanophthalmus potomaca potomaca,South Branch Valley Cave beetle,Beetle,Region 5,Petitioned
Pseudanophthalmus praetermissus,Overlooked Cave beetle,Beetle,Region 5,Petitioned
Pseudanophthalmus sanctipauli,Saint Paul Cave beetle,Beetle,Region 5,Petitioned
Pseudanophthalmus sericus,Silken Cave Beetle,Beetle,Region 5,Petitioned
Pseudanophthalmus thomasi,Thomas' Cave beetle,Beetle,Region 5,Petitioned
Pseudanophthalmus virginicus,Maiden Spring Cave beetle,Beetle,Region 5,Petitioned
Ammodramus maritimus macgillivraii,MacGillivray's Seaside sparrow,Bird,Charleston,Petitioned
Grus canadensis pratensis,Florida Sandhill crane,Bird,Jacksonville,Petitioned
Laterallus jamaicensis,Black rail,Bird,Charleston,Petitioned
Hobbseus orconectoides,Oktibbeha Rivulet crayfish,Crayfish,Jackson,Petitioned
Euphyes dukesi calhouni,Dukes' skipper,Butterfly,Jacksonville,Petitioned
Pseudanophthalmus intersectus,Crossroads Cave beetle,Beetle,Region 5,Petitioned
Problema bulenta,Rare skipper,Butterfly,Region 5,Petitioned
Agarodes logani,Logan's Agarodes caddisfly,Caddisfly,Panama City,Petitioned
Hydroptila sykorai,Sykora's Hydroptila caddisfly,Caddisfly,Panama City,Petitioned
Lepidostoma morsei,Morse's Little Plain Brown sedge,Caddisfly,Panama City,Petitioned
Oecetis parva,Little Oecetis Longhorn caddisfly,Caddisfly,Jacksonville,Petitioned
Oxyethira setosa,Setose Cream and Brown Mottled microcaddisfly,Caddisfly,Panama City,Petitioned
Triaenodes tridontus,Three-toothed Long-Horned caddisfly,Caddisfly,Panama City,Petitioned
Bouchardina robisoni,Bayou Bodcau crayfish,Crayfish,Arkansas,Petitioned
Cambarus cryptodytes,Dougherty Plain Cave crayfish,Crayfish,Panama City,Petitioned
Cambarus obeyensis,Obey crayfish,Crayfish,Cookeville,Petitioned
Cambarellus blacki,Cypress crayfish,Crayfish,Panama City,Petitioned
Amblyscirtes linda,Linda's Roadside-skipper,Butterfly,Region 3,Petitioned
Stygobromus cooperi,Cooper's Cave amphipod,Amphipod,Region 5,Petitioned
Amphiuma pholeter,One-Toed amphiuma,Amphibian,Panama City,Petitioned
Cryptobranchus alleganiensis ssp.alleganiensis,Eastern hellbender,Amphibian,Region 3,Petitioned
Desmognathus abditus,Cumberland Dusky salamander,Amphibian,Cookeville,Petitioned
Eurycea chamberlaini,Chamberlain's Dwarf salamander,Amphibian,Charleston,Petitioned
Eurycea tynerensis,Oklahoma salamander,Amphibian,Arkansas,Petitioned
Gyrinophilus palleucus,Tennessee Cave salamander,Amphibian,Cookeville,Petitioned
Gyrinophilus subterraneus,West Virginia Spring salamander,Amphibian,Region 5,Petitioned
Haideotriton wallacei,Georgia Blind salamander,Amphibian,Athens,Petitioned
Necturus lewisi,Neuse River waterdog,Amphibian,Raleigh,Petitioned
Pseudobranchus striatus lustricolus,Gulf Hammock Dwarf siren,Amphibian,Jacksonville,Petitioned
Urspelerpes brucei,Patch-nosed salamander,Amphibian,Athens,Petitioned
Pseudanophthalmus montanus,Dry Fork Valley Cave beetle,Beetle,Region 5,Petitioned
Crangonyx hobbsi,Hobb's Cave amphipod,Amphipod,Jacksonville,Petitioned
Pseudanophthalmus limicola,Shenandoah Cave beetle,Beetle,Region 5,Petitioned
Stygobromus indentatus,Tidewater amphipod,Amphipod,Region 5,Petitioned
Stygobromus morrisoni,Morrison's Cave amphipod,Amphipod,Region 5,Petitioned
Stygobromus parvus,Minute Cave amphipod,Amphipod,Region 5,Petitioned
Cicindela marginipennis,Cobblestone Tiger beetle,Beetle,Region 5,Petitioned
Pseudanophthalmus avernus,Endless Caverns Cave beetle,Beetle,Region 5,Petitioned
Pseudanophthalmus cordicollis,Little Kennedy Cave beetle,Beetle,Region 5,Petitioned
Pseudanophthalmus egberti,Narrows Cave beetle,Beetle,Region 5,Petitioned
Pseudanophthalmus hirsutus,Cudjo's Cave beetle,Beetle,Region 5,Petitioned
Pseudanophthalmus hubbardi,Hubbard's Cave beetle,Beetle,Region 5,Petitioned
Pseudanophthalmus hubrichti,Hubricht's Cave beetle,Beetle,Region 5,Petitioned
Cambarus chasmodactylus,New River Riffle crayfish,Crayfish,Region 5,Petitioned
Crangonyx grandimanus,Florida Cave amphipod,Amphipod,Jacksonville,Petitioned
Orconectes maletae,Kisatchie Painted crayfish,Crayfish,Lafayette,Petitioned
Cambarellus lesliei,Angular Dwarf crayfish,Crayfish,Jackson,Petitioned
Fallicambarus petilicarpus,[Unnamed] crayfish,Crayfish,Arkansas,Petitioned
Fallicambarus strawni,Saline Burrowing crayfish,Crayfish,Arkansas,Petitioned
Fusconaia subrotunda,Longsolid,Mussel,Asheville,Petitioned
Hobbseus cristatus,Crested Riverlet crayfish,Crayfish,Jackson,Petitioned
Elliptio arca,Alabama spike,Mussel,Daphne,Petitioned
Hobbseus petilius,Hobbseus crayfish,Crayfish,Jackson,Petitioned
Hobbseus yalobushensis,Yalobusha Riverlet crayfish,Crayfish,Jackson,Petitioned
Orconectes blacki,Calcasieu crayfish,Crayfish,Lafayette,Petitioned
Orconectes eupunctus,Coldwater crayfish,Crayfish,Arkansas,Petitioned
Orconectes hartfieldi,Yazoo crayfish,Crayfish,Jackson,Petitioned
Fallicambarus harpi,[Unnamed] crayfish,Crayfish,Arkansas,Petitioned
Orconectes jonesi,Sucarnoochee River crayfish,Crayfish,Jackson,Petitioned
Fallicambarus gilpini,[Unnamed] crayfish,Crayfish,Arkansas,Petitioned
Orconectes marchandi,Mammoth Spring crayfish,Crayfish,Jackson,Petitioned
Orconectes packardi,Appalachian Cave crayfish,Crayfish,Jackson,Petitioned
Orconectes sheltae,Shelta Cave crayfish,Crayfish,Jackson,Petitioned
Orconectes virginiensis,Chowanoke crayfish,Crayfish,Region 5,Petitioned
Orconectes wrighti,Hardin crayfish,Crayfish,Cookeville,Petitioned
Procambarus acherontis,Orlando Cave crayfish,Crayfish,Jacksonville,Petitioned
Procambarus apalachicolae,Coastal Flatwoods crayfish,Crayfish,Panama City,Petitioned
Procambarus attiguus,Silver Glen Springs crayfish,Crayfish,Jacksonville,Petitioned
Procambarus barbiger,Jackson Prairie crayfish,Crayfish,Jackson,Petitioned
Procambarus cometes,Mississippi Flatwoods crayfish,Crayfish,Jackson,Petitioned
Procambarus delicatus,Bigcheek Cave crayfish,Crayfish,Jacksonville,Petitioned
Orconectes incomptus,Tennessee Cave crayfish,Crayfish,Cookeville,Petitioned
Cambarus nerterius,Greenbrier Cave crayfish,Crayfish,Region 5,Petitioned
Procambarus econfinae,Panama City crayfish,Crayfish,Panama City,Petitioned
Cambarus chaugaensis,Chauga crayfish,Crayfish,Jackson,Petitioned
Cambarus coosawattae,Coosawattae crayfish,Crayfish,Jackson,Petitioned
Cambarus cracens,Slendercraw crayfish,Crayfish,Jackson,Petitioned
Cambarus cymatilis,Conasauga Blue burrower,Crayfish,Jackson,Petitioned
Cambarus eeseeohensis,Grandfather Mountain crayfish,Crayfish,Jackson,Petitioned
Cambarus elkensis,Elk River crayfish,Crayfish,Region 5,Petitioned
Cambarus extraneus,Chickamauga crayfish,Crayfish,Jackson,Petitioned
Cambarus fasciatus,Etowah crayfish,Crayfish,Jackson,Petitioned
Cambarus georgiae,Little Tennessee crayfish,Crayfish,Jackson,Petitioned
Cambarus harti,Piedmont Blue burrower,Crayfish,Jackson,Petitioned
Fallicambarus hortoni,Hatchie Burrowing crayfish,Crayfish,Cookeville,Petitioned
Cambarus jonesi,Alabama Cave crayfish,Crayfish,Jackson,Petitioned
Cambarus bouchardi,Big South Fork crayfish,Crayfish,Jackson,Petitioned
Cambarus parrishi,Parrish crayfish,Crayfish,Jackson,Petitioned
Cambarus pristinus,Pristine crayfish,Crayfish,Cookeville,Petitioned
Cambarus speciosus,Beautiful crayfish,Crayfish,Jackson,Petitioned
Cambarus spicatus,Little River crayfish,Crayfish,Jackson,Petitioned
Cambarus strigosus,Lean crayfish,Crayfish,Jackson,Petitioned
Cambarus veteranus,Big Sandy crayfish,Crayfish,Region 5,Petitioned
Cambarus williami,Brawley's Fork crayfish,Crayfish,Cookeville,Petitioned
Distocambarus carlsoni,Mimic crayfish,Crayfish,Jackson,Petitioned
Distocambarus devexus,Broad River Burrowing crayfish,Crayfish,Jackson,Petitioned
Distocambarus youngineri,Saluda crayfish,Crayfish,Jackson,Petitioned
Fallicambarus danielae,[Unnamed] crayfish,Crayfish,Jackson,Petitioned
Cambarus jezerinaci,Spiny Scale crayfish,Crayfish,Region 5,Petitioned
Eriocaulon nigrobracteatum,Blackbract pipewort,Vascular Plant,Panama City,Petitioned
Illicium parviflorum,Yellow Anisetree,Vascular Plant,Jacksonville,Petitioned
Boltonia montana,Doll's-Daisy,Vascular Plant,Region 5,Petitioned
Calamovilfa arcuata,[Unnamed] sand grass,Vascular Plant,Region 2,Petitioned
Carex brysonii,Bryson's Sedge,Vascular Plant,Daphne,Petitioned
Carex impressinervia,[Unnamed] sedge,Vascular Plant,Jackson,Petitioned
Coreopsis integrifolia,Ciliate-leaf Tickseed,Vascular Plant,Athens,Petitioned
Croton elliottii,Elliott's Croton,Vascular Plant,Athens,Petitioned
Elytraria caroliniensis var. angustifolia,Narrowleaf Carolina scalystem,Vascular Plant,South Florida,Petitioned
Encyclia cochleata var. triandra,Clam-shell Orchid,Vascular Plant,South Florida,Petitioned
Baptisia megacarpa,Apalachicola Wild Indigo,Vascular Plant,Daphne,Petitioned
Eriocaulon kornickianum,Small-Headed pipewort,Vascular Plant,Region 4,Petitioned
Balduina atropurpurea,Purpledisk honeycombhead,Vascular Plant,Athens,Petitioned
Eupatorium paludicola,No Common Name (Bay Boneset),Vascular Plant,Raleigh,Petitioned
Eurybia saxicastellii,Rockcastle Wood-Aster,Vascular Plant,Frankfort,Petitioned
Fimbristylis perpusilla,Harper's fimbristylis,Vascular Plant,Region 4,Petitioned
Forestiera godfreyi,Godfrey's Privet,Vascular Plant,Jacksonville,Petitioned
Hartwrightia floridana,Hartwrightia,Vascular Plant,Jacksonville,Petitioned
Helianthus occidentalis ssp. plantagineus,Shinner's Sunflower,Vascular Plant,Region 2,Petitioned
Hexastylis speciosa,Harper's Heartleaf,Vascular Plant,Daphne,Petitioned
Hymenocallis henryae,Henry's spider-lily,Vascular Plant,Panama City,Petitioned
Hypericum edisonianum,Edison's Ascyrum,Vascular Plant,South Florida,Petitioned
Lithasia curta,Knobby rocksnail,Snail,Cookeville,Petitioned
Epidendrum strobiliferum,Big Cypress Epidendrum,Vascular Plant,South Florida,Petitioned
Allocapnia brooksi,Sevier snowfly,Stonefly,Cookeville,Petitioned
Lithasia duttoniana,Helmet rocksnail,Snail,Cookeville,Petitioned
lo fluvialis,Spiny riversnail,Snail,Cookeville,Petitioned
Pyrgulopsis agarhecta,Ocmulgee marstonia,Snail,Athens,Petitioned
Pyrgulopsis castor,Beaver pond marstonia,Snail,Athens,Petitioned
Pyrgulopsis ozarkensis,Ozark pyrg,Snail,Arkansas,Petitioned
Pleurocera corpulenta,Corpulent hornsnail,Snail,Cookeville,Petitioned
Pleurocera curta,Shortspire hornsnail,Snail,Cookeville,Petitioned
Pleurocera pyrenella,Skirted hornsnail,Snail,Athens,Petitioned
Rhodacmea elatior,Domed ancylid,Snail,Cookeville,Petitioned
Bartonia texana,Texas Screwstem,Vascular Plant,Region 2,Petitioned
Acroneuria kosztarabi,Virginia stone,Stonefly,Region 5,Petitioned
Isoetes hyemalis,Evergreen Quillwort,Vascular Plant,Raleigh,Petitioned
Allocapnia fumosa,Smokies snowfly,Stonefly,Cookeville,Petitioned
Allocapnia cunninghami,Karst snowfly,Stonefly,Cookeville,Petitioned
Amphinemura mockfordi,Tennessee forestfly,Stonefly,Cookeville,Petitioned
Leuctra szczytkoi,Schoolhouse Springs Leuctran stonefly,Stonefly,Lafayette,Petitioned
Megaleuctra williamsae,Smokies needlefly,Stonefly,Cookeville,Petitioned
Tallaperla lobata,Lobed roachfly,Stonefly,Region 5,Petitioned
Aeschynomene pratensis,Meadow Joint-vetch,Vascular Plant,South Florida,Petitioned
Alnus maritima,Seaside alder,Vascular Plant,Region 5,Petitioned
Amorpha georgiana var georgiana,Georgia lead-plant,Vascular Plant,Raleigh,Petitioned
Elliptio arctata,Delicate spike,Mussel,Daphne,Petitioned
Somatogyrus alcoviensis,Reverse pebblesnail,Snail,Athens,Petitioned
Solidago arenicola,Southern Racemose Goldenrod,Vascular Plant,Daphne,Petitioned
Hypericum lissophloeus,Smooth-barked St. John's-wort,Vascular Plant,Panama City,Petitioned
Rhynchospora crinipes,Hairy-Peduncled beaked-rush,Vascular Plant,Jackson,Petitioned
Rudbeckia auriculata,Eared Coneflower,Vascular Plant,Daphne,Petitioned
Rudbeckia heliopsidis,Sun-facing Coneflower,Vascular Plant,Daphne,Petitioned
Salix floridana,Florida Willow,Vascular Plant,Jacksonville,Petitioned
Sarracenia purpurea var. montana,No Common Name,Vascular Plant,Asheville,Petitioned
Sarracenia rubra ssp. gulfensis,Gulf Sweet pitcherplant,Vascular Plant,Panama City,Petitioned
Sarracenia rubra ssp. wherryi,Wherry's Sweet Pitcherplant,Vascular Plant,Jackson,Petitioned
Schoenoplectus hallii,Hall's bulrush,Vascular Plant,Region 3,Petitioned
Rhexia salicifolia,Panhandle meadowbeauty,Vascular Plant,Panama City,Petitioned
Sideroxylon thornei,Georgia Bully,Vascular Plant,Athens,Petitioned
Rhexia parviflora,White meadowbeauty,Vascular Plant,Panama City,Petitioned
Sporobolus teretifolius,Wireleaf dropseed,Vascular Plant,Raleigh,Petitioned
Arenaria fontinalis,Water Stitchwort,Vascular Plant,Cookeville,Petitioned
Aster puniceus var. scabricaulis,Rough-Stemmed aster,Vascular Plant,Region 2,Petitioned
Thalictrum debile,Southern Meadow-rue,Vascular Plant,Jackson,Petitioned
Trillium pusillum texanum,Texas Trillium,Vascular Plant,Lafayette,Petitioned
Tsuga caroliniana,Carolina Hemlock,Vascular Plant,Asheville,Petitioned
Vicia ocalensis,Ocala Vetch,Vascular Plant,Jacksonville,Petitioned
Waldsteinia lobata,Piedmont barren strawberry,Vascular Plant,Athens,Petitioned
Xyris longisepala,Karst Pond xyris,Vascular Plant,Panama City,Petitioned
Procambarus lucifugus,Florida Cave crayfish,Crayfish,Jacksonville,Petitioned
Scutellaria ocmulgee,[Unnamed] skullcap,Vascular Plant,Athens,Petitioned
Marshallia grandiflora,Large-flowered Barbara's buttons,Vascular Plant,Region 5,Petitioned
Isoetes microvela,Thin-wall Quillwort,Vascular Plant,Raleigh,Petitioned
Lilium iridollae,Panhandle Lily,Vascular Plant,Panama City,Petitioned
Lindera subcoriacea,Bog Spicebush,Vascular Plant,Jackson,Petitioned
Linum westii,West's Flax,Vascular Plant,Panama City,Petitioned
Lobelia boykinii,Boykin's Lobelia,Vascular Plant,Athens,Petitioned
Ludwigia brevipes,Long Beach Seedbox,Vascular Plant,Raleigh,Petitioned
Ludwigia spathulata,Spathulate Seedbox,Vascular Plant,Athens,Petitioned
Ludwigia ravenii,Raven's Seedbox,Vascular Plant,Raleigh,Petitioned
Lythrum curtissii,Curtiss' Loosestrife,Vascular Plant,Jacksonville,Petitioned
Rhynchospora thornei,Thorne's beaked-rush,Vascular Plant,Jacksonville,Petitioned
Macbridea caroliniana,Carolina Birds-in-a-nest,Vascular Plant,Charleston,Petitioned
Arnoglossum diversifolium,Variableleaf Indian plantain,Vascular Plant,Panama City,Petitioned
Minuartia godfreyi,Godfry's Stitchwort,Vascular Plant,Region 4,Petitioned
Najas filifolia,Narrowleaf Naiad,Vascular Plant,Jacksonville,Petitioned
Nuphar lutea ssp. sagittifolia,Yellow pond-lily,Vascular Plant,Raleigh,Petitioned
Nuphar lutea ssp. ulvacea,West Florida Cow-lily,Vascular Plant,Panama City,Petitioned
Nyssa ursina,Bear gum,Vascular Plant,Panama City,Petitioned
Oncidium undulatum,Cape Sable orchid,Vascular Plant,South Florida,Petitioned
Physostegia correllii,Correll's false dragon-head,Vascular Plant,Lafayette,Petitioned
Potamogeton floridanus,Florida Pondweed,Vascular Plant,Panama City,Petitioned
Potamogeton tennesseensis,Tennessee Pondweed,Vascular Plant,Region 5,Petitioned
Ptilimnium ahlesii,Carolina Bishopweed,Vascular Plant,Charleston,Petitioned
Lythrum flagellare,Lowland Loosestrife,Vascular Plant,South Florida,Petitioned
Clonophis kirtlandii,Kirtland's snake,Reptile,Region 5,Petitioned
Toxolasma pullus,Savannah lilliput,Mussel,Athens,Petitioned
Villosa nebulosa,Alabama rainbow,Mussel,Daphne,Petitioned
Villosa ortmanni,Kentucky creekshell,Mussel,Frankfort,Petitioned
Villosa vanuxemensis umbrans,Coosa creekshell,Mussel,Daphne,Petitioned
Leptoxis virgata,Smooth rocksnail,Snail,Region 5,Petitioned
Fissidens hallii,Hall's Pocket moss,Non-Vascular Plant,Asheville,Petitioned
Megaceros aenigmaticus,Hornwort,Non-Vascular Plant,Asheville,Petitioned
Phaeophyscia leana,Lea's Bog lichen,Non-Vascular Plant,Frankfort,Petitioned
Pseudemys rubriventris,Northern Red-bellied cooter,Reptile,Region 4,Petitioned
Plagiochila sharpii ssp. sharpii,Sharp's Leafy liverwort,Non-Vascular Plant,Asheville,Petitioned
Quadrula asperata archeri,Tallapoosa orb,Mussel,Daphne,Petitioned
Deirochelys reticularia miaria,Western Chicken turtle,Reptile,Region 2,Petitioned
Eumeces egregius egregius,Florida Keys Mole skink,Reptile,South Florida,Petitioned
Graptemys barbouri,Barbour's Map turtle,Reptile,Panama City,Petitioned
Graptemys ernsti,Escambia Map turtle,Reptile,Daphne,Petitioned
Graptemys gibbonsi,Pascagoula Map turtle,Reptile,Jackson,Petitioned
Graptemys nigrinoda,Black-knobbed Map turtle,Reptile,Jackson,Petitioned
Graptemys pulchra,Alabama Map turtle,Reptile,Daphne,Petitioned
Pseudemys nelsoni pop. 1,Florida Red-bellied Turtle - FL Panhandle,Reptile,Panama City,Petitioned
Plagiochila caduciloba,Gorge Leafy liverwort,Non-Vascular Plant,Asheville,Petitioned
Medionidus walkeri,Suwannee moccasinshell,Mussel,Panama City,Petitioned
Elliptio fraterna,Brother spike,Mussel,Panama City,Petitioned
Elliptio lanceolata,Yellow lance,Mussel,Raleigh,Petitioned
Elliptio monroensis,St. John's elephantear,Mussel,Jacksonville,Petitioned
Elliptio purpurella,Inflated spike,Mussel,Panama City,Petitioned
Ambystoma barbouri,Streamside salamander,Amphibian,Frankfort,Petitioned
Fusconaia masoni,Atlantic pigtoe,Mussel,Raleigh,Petitioned
Lampsilis fullerkati,Waccamaw fatmucket,Mussel,Raleigh,Petitioned
Lasmigona holstonia,Tennessee heelsplitter,Mussel,Asheville,Petitioned
Toxolasma lividus,Purple lilliput,Mussel,Asheville,Petitioned
Medionidus conradicus,Cumberland moccasinshell,Mussel,Asheville,Petitioned
Simpsonaias ambigua,Salamander mussel,Mussel,Region 5,Petitioned
Obovaria subrotunda,Round hickorynut,Mussel,Asheville,Petitioned
Obovaria unicolor,Alabama hickorynut,Mussel,Daphne,Petitioned
Pleurobema athearni,Canoe Creek pigtoe,Mussel,Daphne,Petitioned
Pleurobema oviforme,Tennessee clubshell,Mussel,Asheville,Petitioned
Pleurobema rubellum,Warrior pigtoe,Mussel,Daphne,Petitioned
Pleurobema rubrum,Pink pigtoe,Mussel,Asheville,Petitioned
Pleuronaia barnesiana,Tennessee pigtoe,Mussel,Asheville,Petitioned
Pyganodon gibbosa,Inflated floater,Mussel,Athens,Petitioned
Fissidens appalachensis,Appalachian Fissidens moss,Non-Vascular Plant,Asheville,Petitioned
Lasmigona subviridis,Green floater,Mussel,Region 5,Petitioned
Elimia olivula,Caper elimia,Snail,Daphne,Petitioned
Elimia acuta,Acute elimia,Snail,Cookeville,Petitioned
Elimia alabamensis,Mud elimia,Snail,Daphne,Petitioned
Elimia ampla,Ample elimia,Snail,Daphne,Petitioned
Elimia annettae,Lily Shoals elimia,Snail,Daphne,Petitioned
Elimia arachnoidea,Spider elimia,Snail,Region 5,Petitioned
Elimia bellacrenata,Princess elimia,Snail,Daphne,Petitioned
Elimia bellula,Walnut elimia,Snail,Daphne,Petitioned
Elimia chiltonensis,Prune elimia,Snail,Daphne,Petitioned
Elimia cochliaris,Cockle elimia,Snail,Daphne,Petitioned
Aphaostracon theiocrenetum,Clifton Spring hydrobe,Snail,Jacksonville,Petitioned
Elimia lachryma,Nodulose Coosa River snail,Snail,Daphne,Petitioned
Elimia nassula,Round-Rib elimia,Snail,Daphne,Petitioned
Elimia showalteri,Compact elimia,Snail,Daphne,Petitioned
Elimia teres,Elegant elimia,Snail,Cookeville,Petitioned
Elimia vanuxemiana,Cobble elimia,Snail,Daphne,Petitioned
Floridobia mica,Ichetucknee siltsnail,Snail,Jacksonville,Petitioned
Floridobia monroensis,Enterprise siltsnail,Snail,Jacksonville,Petitioned
Floridobia parva,Pygmy siltsnail,Snail,Jacksonville,Petitioned
Floridobia ponderosa,Ponderous siltsnail,Snail,Jacksonville,Petitioned
Floridobia wekiwae,Wekiwa siltsnail,Snail,Jacksonville,Petitioned
Leptoxis arkansensis,Arkansas mudalia,Snail,Arkansas,Petitioned
Leptoxis picta,Spotted rocksnail,Snail,Daphne,Petitioned
Elimia cylindracea,Cylinder elimia,Snail,Daphne,Petitioned
Aphaostracon monas,Wekiwa hydrobe,Snail,Jacksonville,Petitioned
Thamnophis sauritus pop. 1,Eastern Ribbonsnake - Lower FL Keys,Reptile,South Florida,Petitioned
Aphaostracon asthenes,Blue Spring hydrobe,Snail,Jacksonville,Petitioned
Antrorbis breweri,[Unnamed] snail,Snail,Daphne,Petitioned
Aphaostracon chalarogyrus,Freemouth hydrobe,Snail,Jacksonville,Petitioned
Aphaostracon pycnus,Dense hydrobe,Snail,Jacksonville,Petitioned
Elimia perstriata,Engraved elimia,Snail,Daphne,Petitioned
Dichanthelium hirstii,Hirst Brothers' Panic grass,Vascular Plant,Region 5,Candidate
Etheostoma cragini,Arkansas Darter,Fish,Region 6,Candidate
Chamaecrista lineata var. keyensis,Big Pine partridge pea,Vascular Plant,South Florida,Candidate
Atlantea tulita,Puerto Rico harlequin Butterfly,Butterfly,Caribbean,Candidate
Solanum conocarpum,Marron bacora,Vascular Plant,Region 4,Candidate
Argythamnia blodgettii,Blodgett's silverbush,Vascular Plant,South Florida,Candidate
Percina aurora,Pearl darter,Fish,Jackson,Candidate
Moxostoma sp.,Sicklefin redhorse,Fish,Asheville,Candidate
Elimia melanoides,Black mudalia,Snail,Daphne,Candidate
Gyrinophilus gulolineatus,Berry Cave Salamander,Amphibian,Region 4,Candidate
Pseudanophthalmus caecus,Clifton Cave beetle,Beetle,Frankfort,Candidate
Sideroxylon reclinatum ssp. Austrofloridense,Everglades bully,Vascular Plant,South Florida,Candidate
Glyphopsyche sequatchie,Sequatchie caddisfly,Caddisfly,Cookeville,Candidate
Dalea carthagenensis var. floridana,Florida prairie-clover,Vascular Plant,South Florida,Candidate
Dendroica angelae,Elfin-woods warbler,Bird,Caribbean,Candidate
Digitaria pauciflora,Florida pineland crabgrass,Vascular Plant,South Florida,Candidate
Cicindela highlandensis,Highlands Tiger beetle,Beetle,South Florida,Candidate
Linum arenicola,Sand flax,Vascular Plant,South Florida,Candidate
Gopherus polyphemus,Gopher tortoise,Reptile,Jackson,Candidate
Platanthera integrilabia,White Fringeless orchid,Vascular Plant,Cookeville,Candidate
Chamaesyce deltoidea ssp. serpyllum,Wedge Spurge,Vascular Plant,South Florida,Candidate
Pseudanophthalmus troglodytes,Louisville Cave beetle,Beetle,Frankfort,Candidate
Etheostoma sagitta,Cumberland arrow darter,Fish,Region 4,Candidate
Planorbella magnifica,Magnificent ramshorn,Snail,Raleigh,Candidate
Pseudanophthalmus tiresias,Indian Grave Point cave beetle,Beetle,Cookeville,Candidate
Pseudanophthalmus paulus,Noblett's cave beetle,Beetle,Cookeville,Candidate
Pituophis ruthveni,Louisiana Pine snake,Reptile,Lafayette,Candidate
Anthus spragueii,Sprague's Pipit,Bird,Region 6,Candidate
Pseudanophthalmus insularis,Baker Station cave beetle,Beetle,Cookeville,Candidate
Chamaesyce deltoidea ssp. pinetorum,Pineland sandmat,Vascular Plant,South Florida,Candidate
Necturus alabamensis,Black Warrior waterdog,Amphibian,Jackson,Candidate
Etheostoma sagitta ssp. spilotum,Kentucky arrow darter,Fish,Frankfort,Candidate
Notophthalmus perstriatus,Striped newt,Amphibian,Jacksonville,Candidate
Pseudanophthalmus inquisitor,Inquirer Cave beetle,Beetle,Cookeville,Candidate
Pseudanophthalmus frigidus,Icebox Cave beetle,Beetle,Frankfort,Candidate
Pseudanophthalmus fowlerae,Fowler's cave beetle,Beetle,Cookeville,Candidate
Pseudanophthalmus colemanensis,Coleman Cave beetle,Beetle,Cookeville,Candidate
Pseudanophthalmus parvus,Tatum Cave beetle,Beetle,Frankfort,Candidate
Tantilla oolitica,Rimrock Crowned snake,Reptile,South Florida,Petitioned
Fundulus jenkinsi,Saltmarsh topminnow,Fish,Panama City,Petitioned
Potamilus amphichaenus,Texas heelsplitter,Mussel,Region 4,Petitioned
Anguilla rostrata,American eel,Fish,Region 5,Petitioned
Lampropeltis getula meansi,Apalachicola Common kingsnake,Reptile,Panama City,Petitioned
Spilogale putorius interrupta,Plains Spotted Skunk,Mammal,Region 3,Petitioned
Myotis septentrionalis,Northern Long-Eared bat,Mammal,Region 3,Petitioned
Vermivora chrysoptera,Golden-winged Warbler,Bird,Region 4,Petitioned
Spondylurus monae,Mona Skink,Reptile,Caribbean,Petitioned
Bombus affinis,Rusty Patched Bumble Bee,Bee,Region 5,Petitioned
Osmia calaminthae,Blue Calamintha Bee,Bee,South Florida,Petitioned
Capitellum parvicruzae,Lesser Saint Croix Skink,Reptile,Caribbean,Petitioned
Spondylurus spilonotus,Greater Virgin Islands Skink,Reptile,Caribbean,Petitioned
Spondylurus sloanii,Virgin Islands Bronze Skink,Reptile,Caribbean,Petitioned
Spondylurus semitaeniatus,Lesser Virgin Islands Skink,Reptile,Caribbean,Petitioned
Papaipema eryngii,Rattlesnake-Master Borer moth,Moth,Region 3,Petitioned
Spondylurus monitae,Monito Skink,Reptile,Caribbean,Petitioned
Pterodroma hasitata,Black-capped petrel,Bird,Caribbean,Petitioned
Spondylurus magnacruzae,Greater Saint Croix Skink,Reptile,Caribbean,Petitioned
Spondylurus culebrae,Culebra Skink,Reptile,Caribbean,Petitioned
Crotalus adamanteus,Eastern Diamondback rattlesnake,Reptile,Region 4,Petitioned
Clappia cahabensis,Cahaba pebblesnail,Snail,Daphne,Petitioned
Urocyon cinereoargenteus ssp. Ocythous,Prairie Gray fox,Mammal,Region 3,Petitioned
Procambarus latipleurum ssp. Leconticambarus,Wingtail crayfish,Crayfish,Panama City,Petitioned
Spondylurus nitidus,Puerto Rican Skink,Reptile,Caribbean,Petitioned
Pituophis melanoleucus lodingi,Black Pine snake,Reptile,Jackson,Proposed for Listing
Trichomanes punctatum ssp.floridanum,Florida Bristle fern,Vascular Plant,South Florida,Proposed for Listing
Calidris canutus ssp. rufa,Red Knot,Bird,New Jersey,Listed
Elassoma alabamae,Spring Pygmy sunfish,Fish,Jackson,Listed
Pleuroblema strodeanum,Fuzzy pigtoe,Mussel,Panama City,Listed
Linum carteri var. carteri,Carter’s Small-Flowered flax,Vascular Plant,South Florida,Listed
Brickellia mosieri,Florida brickell-bush,Vascular Plant,South Florida,Listed
Physaria globosa,Short’s Bladderpod,Vascular Plant,Cookeville,Listed
Leavenworthia exigua var. laciniata,Kentucky gladecress,Vascular Plant,Frankfort,Listed
Arabis georgiana,Georgia rockcress,Vascular Plant,Athens,Listed
Fusconaia rotulata,Round ebonyshell,Mussel,Panama City,Listed
Leavenworthia crassa,[Unnamed] gladecress,Vascular Plant,Daphne,Listed
Cyclargus thomasi bethunebakeri,Miami blue butterfly,Butterfly,South Florida,Listed
Anaea troglodyta floridalis,Florida Leafwing butterfly,Butterfly,South Florida,Listed
Villosa choctawensis,Choctaw bean,Mussel,Panama City,Listed
Quadrula cylindrica ssp. cylindrica,rabbitsfoot,Mussel,Arkansas,Listed
Agave eggersiana,no common name,Vascular Plant,Caribbean,Listed
Ptychobranchus subtentum,Fluted kidneyshell,Mussel,Cookeville,Listed
Chromolaena frustrata,Cape Sable thoroughwort,Vascular Plant,South Florida,Listed
Margaritifera marrianae,Alabama pearlshell,Mussel,Daphne,Listed
Fusconaia escambia,Narrow pigtoe,Mussel,Panama City,Listed
Hamiota australis,Southern sandshell,Mussel,Panama City,Listed
Lampsilis rafinesqueana,Neosho mucket,Mussel,Arkansas,Listed
Gonocalyx concolor,no common name,Vascular Plant,Caribbean,Listed
Eumops floridanus,Florida bonneted bat,Mammal,South Florida,Listed
Ptychobranchus jonesi,Southern kidneyshell,Mussel,Panama City,Listed
Lexingtonia dolabelloides,Slabside pearlymussel,Mussel,Cookeville,Listed
Fusconaia burkei,Tapered pigtoe,Mussel,Panama City,Listed
Strymon acis bartrami,Bartram's Hairstreak butterfly,Butterfly,South Florida,Listed
Helianthus verticillatus,Whorled Sunflower,Vascular Plant,Cookeville,Listed
Cordia rupicola,Varronia rulpicola,Vascular Plant,Caribbean,Listed
Consolea corallicola,Florida Semaphore Cactus,Vascular Plant,South Florida,Listed
Harrisia aboriginum,Aboriginal Prickly-apple,Vascular Plant,South Florida,Listed
Cambarellus diminutus,Least crayfish,Crayfish,Jackson,Petition Withdrawn
Cambarus scotti,Chattooga River crayfish,Crayfish,Jackson,Petition Withdrawn
Kinosternon baurii pop. 1,Striped Mud Turtle - Lower FL Keys,Reptile,South Florida,Petition Withdrawn
Cambarus unestami,Blackbarred crayfish,Crayfish,Jackson,Petition Withdrawn
Desmognathus aeneus,Seepage salamander,Amphibian,Jackson,Petition Withdrawn
Fallicambarus burrisi,[Unnamed] crayfish,Crayfish,Jackson,Petition Withdrawn
Procambarus lagniappe,Lagniappe crayfish,Crayfish,Jackson,Petition Withdrawn
Alosa aestivalis,Blueback herring,Fish,National Marine Fisheries Service,Not Warranted 12 Month Finding
Myotis leibii,Eastern Small-Footed bat,Mammal,Region 3,Not Warranted 12 Month Finding
Alosa pseudoharengus,Alewife,Fish,National Marine Fisheries Service,Not Warranted 12 Month Finding
Symphyotrichum georgianum,Georgia aster,Vascular Plant,Asheville,Not Warranted 12 Month Finding
Macrochelys temminckii,Alligator Snapping turtle,Reptile,Region 4,Petitioned
Clemmys guttata,Spotted turtle,Reptile,Region 4,Petitioned
Eumeces egregius insularis,Cedar Key Mole skink,Reptile,Jacksonville,Petitioned
Plethodon petraeus,Pigeon Mountain salamander,Amphibian,Athens,Petitioned
Pituophis melanoleucus mugitus,Florida pine snake,Reptile,Region 4,Petitioned
Aneides aeneus,Green salamander,Amphibian,Region 4,Petitioned
Heterodon simus,Southern Hognose snake,Reptile,Region 4,Petitioned
Lithobates (Rana) capito,Gopher frog,Amphibian,Region 4,Petitioned
Plethodon amplus,Blue Ridge Gray-cheeked salamander,Amphibian,Asheville,Petitioned
Plethodon caddoensis,Caddo Mountain salamander,Amphibian,Arkansas,Petitioned
Plethodon cheoah,Cheoah Bald salamander,Amphibian,Asheville,Petitioned
Plethodon fourchensis,Fourche Mountain salamander,Amphibian,Arkansas,Petitioned
Plethodon hubrichti,Peaks of Otter salamander,Amphibian,Region 5,Petitioned
Plethodon meridianus,South Mountain Gray-cheeked salamander,Amphibian,Asheville,Petitioned
Clemmys insculpta,Wood turtle,Reptile,Region 5,Petitioned
Sceloporus woodi,Florida Scrub lizard,Reptile,Jacksonville,Petitioned
Diadophis punctatus acricus,Key Ringneck snake,Reptile,South Florida,Petitioned
Stilosoma extenuatum,Short-tailed snake,Reptile,Jacksonville,Petitioned
Pseudacris illinoensis,Illinois Chorus frog,Amphibian,Region 5,Petitioned
Plethodon welleri,Weller's salamander,Amphibian,Asheville,Petitioned
Plethodon punctatus,Cow Knob salamander,Amphibian,Region 5,Petitioned
Narthecium americanum,Bog Asphodel,Vascular Plant,Region 5,Removed from Candidate List through CNOR
Solidago plumosa,Yadkin River Goldenrod,Vascular Plant,Asheville,Removed from Candidate List through CNOR
